"ID","Account Name","Account Site","STATUS"
"001d200001r23UEAAY","Burlington Textiles Corp of America","US-East","Item Created"
"001d200001r23UFAAY","Dickenson plc","US-Midwest","Item Created"
"001d200001r23UGAAY","Edge Communications","US-South","Item Created"
"001d200001r23UHAAY","Express Logistics and Transport","US-West","Item Created"
"001d200001r23UIAAY","GenePoint","US-West","Item Created"
"001d200001r23UJAAY","Grand Hotels & Resorts Ltd","US-Midwest","Item Created"
"001d200001r23UKAAY","Pyramid Construction Inc.","EMEA","Item Created"
"001d200001r23ULAAY","United Oil & Gas Corp.","US-East","Item Created"
"001d200001r23UMAAY","United Oil & Gas, Singapore","APAC","Item Created"
"001d200001r23UNAAY","United Oil & Gas, UK","EMEA","Item Created"
"001d200001r23UOAAY","University of Arizona","US-West","Item Created"
